order_id,customer_id,order_date,amount,status,items_count
ORD-5001,CUST-1001,2026-01-12,15000,COMPLETED,4
ORD-5002,CUST-1001,2026-01-27,15000,COMPLETED,4
ORD-5003,CUST-1001,2026-02-11,15000,COMPLETED,4
ORD-5004,CUST-1001,2026-02-26,15000,COMPLETED,4
ORD-5005,CUST-1001,2026-03-13,15000,COMPLETED,4
ORD-5006,CUST-1001,2026-03-28,15000,COMPLETED,4
ORD-5007,CUST-1001,2026-04-12,15000,COMPLETED,4
ORD-5008,CUST-1001,2026-04-27,15000,COMPLETED,4
ORD-5009,CUST-1001,2026-05-12,15000,COMPLETED,4
ORD-5010,CUST-1001,2026-05-27,15000,COMPLETED,4
ORD-5011,CUST-1001,2026-06-11,15000,COMPLETED,4
ORD-5012,CUST-1001,2026-06-26,15000,COMPLETED,4
ORD-5013,CUST-1001,2026-07-19,8500,COMPLETED,2
ORD-5014,CUST-1002,2026-06-21,12500,COMPLETED,5
ORD-5015,CUST-1002,2026-06-01,12500,COMPLETED,5
ORD-5016,CUST-1002,2026-05-12,12500,COMPLETED,5
ORD-5017,CUST-1002,2026-04-22,12500,COMPLETED,5
ORD-5018,CUST-1002,2026-04-02,12500,COMPLETED,5
ORD-5019,CUST-1002,2026-03-13,12500,COMPLETED,5
ORD-5020,CUST-1002,2026-02-21,12500,COMPLETED,5
ORD-5021,CUST-1002,2026-02-01,12500,COMPLETED,5
ORD-5022,CUST-1002,2026-01-12,12500,COMPLETED,5
ORD-5023,CUST-1002,2025-12-23,12500,COMPLETED,5
ORD-5024,CUST-1002,2026-07-27,4200,COMPLETED,1
ORD-5025,CUST-1003,2026-01-22,9200,COMPLETED,3
ORD-5026,CUST-1003,2026-02-21,9200,COMPLETED,3
ORD-5027,CUST-1003,2026-03-23,9200,COMPLETED,3
ORD-5028,CUST-1003,2026-04-22,9200,COMPLETED,3
ORD-5029,CUST-1003,2026-05-22,9200,COMPLETED,3
ORD-5030,CUST-1003,2026-06-21,9200,COMPLETED,3
ORD-5031,CUST-1003,2026-08-05,3100,COMPLETED,1
ORD-5032,CUST-1003,2026-08-30,2900,CANCELLED,1
ORD-5033,CUST-1004,2025-12-23,14000,COMPLETED,4
ORD-5034,CUST-1004,2026-01-22,14000,COMPLETED,4
ORD-5035,CUST-1004,2026-02-21,14000,COMPLETED,4
ORD-5036,CUST-1004,2026-03-23,14000,COMPLETED,4
ORD-5037,CUST-1004,2026-04-22,14000,COMPLETED,4
ORD-5038,CUST-1004,2026-05-22,14000,COMPLETED,4
ORD-5039,CUST-1004,2026-06-21,14000,COMPLETED,4
ORD-5040,CUST-1004,2026-07-09,11000,COMPLETED,3
ORD-5041,CUST-1005,2026-01-02,22000,COMPLETED,6
ORD-5042,CUST-1005,2026-03-03,22000,COMPLETED,6
ORD-5043,CUST-1005,2026-05-02,22000,COMPLETED,6
ORD-5044,CUST-1005,2026-07-01,22000,COMPLETED,6
ORD-5045,CUST-1005,2026-08-15,22000,COMPLETED,6
ORD-5046,CUST-1005,2026-09-17,22000,COMPLETED,6
ORD-5047,CUST-1010,2025-12-23,18500,COMPLETED,5
ORD-5048,CUST-1010,2026-02-01,18500,COMPLETED,5
ORD-5049,CUST-1010,2026-03-13,18500,COMPLETED,5
ORD-5050,CUST-1010,2026-04-22,18500,COMPLETED,5
ORD-5051,CUST-1010,2026-06-01,18500,COMPLETED,5
ORD-5052,CUST-1010,2026-07-11,18500,COMPLETED,5
ORD-5053,CUST-1010,2026-08-10,18500,COMPLETED,5
ORD-5054,CUST-1010,2026-09-04,18500,COMPLETED,5
ORD-5055,CUST-1010,2026-09-21,18500,COMPLETED,5
ORD-5056,CUST-1011,2026-01-02,24000,COMPLETED,6
ORD-5057,CUST-1011,2026-02-16,24000,COMPLETED,6
ORD-5058,CUST-1011,2026-04-02,24000,COMPLETED,6
ORD-5059,CUST-1011,2026-05-17,24000,COMPLETED,6
ORD-5060,CUST-1011,2026-07-01,24000,COMPLETED,6
ORD-5061,CUST-1011,2026-08-15,24000,COMPLETED,6
ORD-5062,CUST-1011,2026-09-14,24000,COMPLETED,6
ORD-5063,CUST-1006,2026-04-02,9500,COMPLETED,3
ORD-5064,CUST-1006,2026-06-01,9500,COMPLETED,3
ORD-5065,CUST-1006,2026-07-31,9500,COMPLETED,3
ORD-5066,CUST-1006,2026-09-09,9500,COMPLETED,3
ORD-5067,CUST-1007,2026-04-02,9500,COMPLETED,3
ORD-5068,CUST-1007,2026-06-01,9500,COMPLETED,3
ORD-5069,CUST-1007,2026-07-31,9500,COMPLETED,3
ORD-5070,CUST-1007,2026-09-09,9500,COMPLETED,3
ORD-5071,CUST-1008,2026-04-02,9500,COMPLETED,3
ORD-5072,CUST-1008,2026-06-01,9500,COMPLETED,3
ORD-5073,CUST-1008,2026-07-31,9500,COMPLETED,3
ORD-5074,CUST-1008,2026-09-09,9500,COMPLETED,3
ORD-5075,CUST-1009,2026-04-02,9500,COMPLETED,3
ORD-5076,CUST-1009,2026-06-01,9500,COMPLETED,3
ORD-5077,CUST-1009,2026-07-31,9500,COMPLETED,3
ORD-5078,CUST-1009,2026-09-09,9500,COMPLETED,3
ORD-5079,CUST-1012,2026-04-02,9500,COMPLETED,3
ORD-5080,CUST-1012,2026-06-01,9500,COMPLETED,3
ORD-5081,CUST-1012,2026-07-31,9500,COMPLETED,3
ORD-5082,CUST-1012,2026-09-09,9500,COMPLETED,3
ORD-5083,CUST-1013,2026-04-02,9500,COMPLETED,3
ORD-5084,CUST-1013,2026-06-01,9500,COMPLETED,3
ORD-5085,CUST-1013,2026-07-31,9500,COMPLETED,3
ORD-5086,CUST-1013,2026-09-09,9500,COMPLETED,3
ORD-5087,CUST-1014,2026-04-02,9500,COMPLETED,3
ORD-5088,CUST-1014,2026-06-01,9500,COMPLETED,3
ORD-5089,CUST-1014,2026-07-31,9500,COMPLETED,3
ORD-5090,CUST-1014,2026-09-09,9500,COMPLETED,3
ORD-5091,CUST-1015,2026-04-02,9500,COMPLETED,3
ORD-5092,CUST-1015,2026-06-01,9500,COMPLETED,3
ORD-5093,CUST-1015,2026-07-31,9500,COMPLETED,3
ORD-5094,CUST-1015,2026-09-09,9500,COMPLETED,3
ORD-5095,CUST-1016,2026-04-02,9500,COMPLETED,3
ORD-5096,CUST-1016,2026-06-01,9500,COMPLETED,3
ORD-5097,CUST-1016,2026-07-31,9500,COMPLETED,3
ORD-5098,CUST-1016,2026-09-09,9500,COMPLETED,3
ORD-5099,CUST-1017,2026-04-02,9500,COMPLETED,3
ORD-5100,CUST-1017,2026-06-01,9500,COMPLETED,3
ORD-5101,CUST-1017,2026-07-31,9500,COMPLETED,3
ORD-5102,CUST-1017,2026-09-09,9500,COMPLETED,3
ORD-5103,CUST-1018,2026-04-02,9500,COMPLETED,3
ORD-5104,CUST-1018,2026-06-01,9500,COMPLETED,3
ORD-5105,CUST-1018,2026-07-31,9500,COMPLETED,3
ORD-5106,CUST-1018,2026-09-09,9500,COMPLETED,3
ORD-5107,CUST-1019,2026-04-02,9500,COMPLETED,3
ORD-5108,CUST-1019,2026-06-01,9500,COMPLETED,3
ORD-5109,CUST-1019,2026-07-31,9500,COMPLETED,3
ORD-5110,CUST-1019,2026-09-09,9500,COMPLETED,3
ORD-5111,CUST-1020,2026-04-02,9500,COMPLETED,3
ORD-5112,CUST-1020,2026-06-01,9500,COMPLETED,3
ORD-5113,CUST-1020,2026-07-31,9500,COMPLETED,3
ORD-5114,CUST-1020,2026-09-09,9500,COMPLETED,3
ORD-5115,CUST-1021,2026-04-02,9500,COMPLETED,3
ORD-5116,CUST-1021,2026-06-01,9500,COMPLETED,3
ORD-5117,CUST-1021,2026-07-31,9500,COMPLETED,3
ORD-5118,CUST-1021,2026-09-09,9500,COMPLETED,3
ORD-5119,CUST-1022,2026-04-02,9500,COMPLETED,3
ORD-5120,CUST-1022,2026-06-01,9500,COMPLETED,3
ORD-5121,CUST-1022,2026-07-31,9500,COMPLETED,3
ORD-5122,CUST-1022,2026-09-09,9500,COMPLETED,3
ORD-5123,CUST-1023,2026-04-02,9500,COMPLETED,3
ORD-5124,CUST-1023,2026-06-01,9500,COMPLETED,3
ORD-5125,CUST-1023,2026-07-31,9500,COMPLETED,3
ORD-5126,CUST-1023,2026-09-09,9500,COMPLETED,3
ORD-5127,CUST-1024,2026-04-02,9500,COMPLETED,3
ORD-5128,CUST-1024,2026-06-01,9500,COMPLETED,3
ORD-5129,CUST-1024,2026-07-31,9500,COMPLETED,3
ORD-5130,CUST-1024,2026-09-09,9500,COMPLETED,3
ORD-5131,CUST-1025,2026-04-02,9500,COMPLETED,3
ORD-5132,CUST-1025,2026-06-01,9500,COMPLETED,3
ORD-5133,CUST-1025,2026-07-31,9500,COMPLETED,3
ORD-5134,CUST-1025,2026-09-09,9500,COMPLETED,3
ORD-5135,CUST-1033,2025-12-13,15000,COMPLETED,3
ORD-5136,CUST-1033,2026-01-22,14000,COMPLETED,3
ORD-5137,CUST-1042,2026-03-03,18000,COMPLETED,4
ORD-5138,CUST-1042,2026-05-02,17500,COMPLETED,4
