ticket_id,customer_id,created_at,status,priority,category,resolution_time_hours,customer_sentiment
TCK-901,CUST-1001,2026-09-12,ESCALATED,URGENT,API Outage,,CRITICAL
TCK-902,CUST-1001,2026-09-18,OPEN,HIGH,Data Sync Failure,,NEGATIVE
TCK-903,CUST-1001,2026-09-24,IN_PROGRESS,URGENT,Billing Dispute,,CRITICAL
TCK-850,CUST-1001,2026-06-10,RESOLVED,MEDIUM,Feature Request,48.5,NEUTRAL
TCK-910,CUST-1002,2026-09-15,OPEN,URGENT,Checkout Latency Spike,,CRITICAL
TCK-911,CUST-1002,2026-09-22,ESCALATED,HIGH,Inventory Sync Discrepancy,,NEGATIVE
TCK-880,CUST-1002,2026-07-04,RESOLVED,HIGH,Webhook Drop,24.0,NEUTRAL
TCK-920,CUST-1003,2026-09-08,OPEN,HIGH,Compliance Export Broken,,NEGATIVE
TCK-921,CUST-1003,2026-09-20,OPEN,URGENT,SLA Breach on Transaction Webhooks,,CRITICAL
TCK-930,CUST-1004,2026-09-10,OPEN,MEDIUM,SSO Login Errors,,NEGATIVE
TCK-931,CUST-1004,2026-09-26,OPEN,HIGH,Export Failure,,NEGATIVE
TCK-890,CUST-1005,2026-08-14,RESOLVED,URGENT,HIPAA Access Log Request,6.0,POSITIVE
TCK-935,CUST-1005,2026-09-25,OPEN,LOW,UI Polish,,NEUTRAL
TCK-860,CUST-1010,2026-07-12,RESOLVED,LOW,Documentation Query,2.0,POSITIVE
TCK-895,CUST-1010,2026-08-30,RESOLVED,MEDIUM,API Rate Limit Increase,4.0,POSITIVE
TCK-875,CUST-1011,2026-08-05,RESOLVED,MEDIUM,SSO Token Rotation,3.5,POSITIVE
TCK-801,CUST-1006,2026-08-10,RESOLVED,LOW,Dashboard Query,12.0,NEUTRAL
TCK-802,CUST-1007,2026-09-01,RESOLVED,MEDIUM,Webhook Config,18.0,POSITIVE
TCK-803,CUST-1008,2026-09-14,RESOLVED,HIGH,Firewall IP Whitelist,5.0,POSITIVE
TCK-804,CUST-1009,2026-08-22,RESOLVED,LOW,Report Schedule,8.0,NEUTRAL
TCK-805,CUST-1016,2026-09-05,RESOLVED,MEDIUM,API Integration,14.0,POSITIVE
TCK-806,CUST-1017,2026-09-18,RESOLVED,LOW,License Key Renewal,4.0,POSITIVE
TCK-807,CUST-1021,2026-09-11,RESOLVED,MEDIUM,Genomic Pipeline Webhook,7.0,POSITIVE
TCK-940,CUST-1042,2026-08-15,OPEN,HIGH,Early Contract Termination Dispute,,CRITICAL
